Workbook

Sheet Hồ sơ phương tiện
A1: STT | B1: Tên phương tiện | C1: Trọng tải (Tấn) | D1: Công suất (HP) | E1: GCN đăng ký | F1: Ngày cấp | G1: Hết hạn GCN | H1: Đăng kiểm | I1: Ngày cấp | J1: Hết hạn ĐK | K1: Bảo hiểm | L1: Ngày cấp | M1: Hết hạn BH | N1: Đủ hồ sơ | O1: Trạng thái GCN | P1: Trạng thái ĐK | Q1: Trạng thái BH | R1: Thuyền trưởng | S1: Hạng | T1: Máy trưởng | U1: Hạng | V1: Thủy thủ | W1: Sổ danh bạ TV | X1: Trạng Thái Thuyền Viên | Y1: Khai hệ thống | Z1: Ghi chú
A2: =ROW()-1 -> 1 | B2: SG 8028 | C2: 1600 | D2: 400 | E2: 5785/ĐK | F2: 42893 | G2: Không thời hạn | H2: V50-06942 | I2: 46174 | J2: 46532 | K2: 8154841 | L2: 46168 | M2: 46538 | N2: =IF(AND(E2<>"",H2<>"",K2<>""),"ĐỦ","THIẾU") -> ĐỦ | O2: =IF(G2="","",IF(G2<TODAY(),"HẾT HẠN","CÒN HẠN")) -> CÒN HẠN | P2: =IF(J2="","",IF(J2<TODAY(),"HẾT HẠN","CÒN HẠN")) -> CÒN HẠN | Q2: =IF(M2="","",IF(M2<TODAY(),"HẾT HẠN","CÒN HẠN")) -> CÒN HẠN | R2: Nguyễn Kim Ngân | S2: =IF(C2>1000,"T1",IF(C2>=500,"T2","T3")) -> T1 | T2: Nguyễn Hoài Thuận | U2: =IF(D2<=250,"M3",IF(D2<=1000,"M2","M1")) -> M2 | V2: Nguyễn Quốc Dũng | W2: Có | X2: =IF(AND(R2<>"",T2<>"",W2="Có"),"PHÙ HỢP","KHÔNG PHÙ HỢP") -> PHÙ HỢP | Y2: Có
A3: =ROW()-1 -> 2 | B3: TG 15292 | C3: 1290 | D3: 380 | E3: 14008/ĐK | F3: 42433 | G3: Không thời hạn | H3: V63-12126 | I3: 46108 | J3: 46473 | K3: 7342177 | L3: 46210 | M3: 46575 | N3: =IF(AND(E3<>"",H3<>"",K3<>""),"ĐỦ","THIẾU") -> ĐỦ | O3: =IF(G3="","",IF(G3<TODAY(),"HẾT HẠN","CÒN HẠN")) -> CÒN HẠN | P3: =IF(J3="","",IF(J3<TODAY(),"HẾT HẠN","CÒN HẠN")) -> CÒN HẠN | Q3: =IF(M3="","",IF(M3<TODAY(),"HẾT HẠN","CÒN HẠN")) -> CÒN HẠN | R3: Nguyễn Hữu Tài | S3: =IF(C3>1000,"T1",IF(C3>=500,"T2","T3")) -> T1 | T3: Nguyễn Thị Mộng Tuyết | U3: =IF(D3<=250,"M3",IF(D3<=1000,"M2","M1")) -> M2 | V3: Đinh Khải An | W3: Có | X3: =IF(AND(R3<>"",T3<>"",W3="Có"),"PHÙ HỢP","KHÔNG PHÙ HỢP") -> PHÙ HỢP | Y3: Có
A4: =ROW()-1 -> 3 | B4: TG 15769 | C4: 1618 | D4: 385 | E4: 14473/ĐK | F4: 43131 | G4: Không thời hạn | H4: VR-SII | J4: 46768 | N4: =IF(AND(E4<>"",H4<>"",K4<>""),"ĐỦ","THIẾU") -> THIẾU | O4: =IF(G4="","",IF(G4<TODAY(),"HẾT HẠN","CÒN HẠN")) -> CÒN HẠN | P4: =IF(J4="","",IF(J4<TODAY(),"HẾT HẠN","CÒN HẠN")) -> CÒN HẠN | Q4: =IF(M4="","",IF(M4<TODAY(),"HẾT HẠN","CÒN HẠN")) | R4: Nguyễn Quốc Toàn | S4: =IF(C4>1000,"T1",IF(C4>=500,"T2","T3")) -> T1 | T4: Lữ Thị Kiều Trang | U4: =IF(D4<=250,"M3",IF(D4<=1000,"M2","M1")) -> M2 | V4: Nguyễn Trường Thoại | W4: Không | X4: =IF(AND(R4<>"",T4<>"",W4="Có"),"PHÙ HỢP","KHÔNG PHÙ HỢP") -> KHÔNG PHÙ HỢP | Y4: Có
A5: =ROW()-1 -> 4 | B5: SG 7749 | C5: 1600 | D5: 380 | E5: 1803/ĐK | F5: 42503 | G5: Không thời hạn | H5: V50-06581 | I5: 45937 | J5: 46277 | K5: 7731971 | L5: 46292 | M5: 46292 | N5: =IF(AND(E5<>"",H5<>"",K5<>""),"ĐỦ","THIẾU") -> ĐỦ | O5: =IF(G5="","",IF(G5<TODAY(),"HẾT HẠN","CÒN HẠN")) -> CÒN HẠN | P5: =IF(J5="","",IF(J5<TODAY(),"HẾT HẠN","CÒN HẠN")) -> CÒN HẠN | Q5: =IF(M5="","",IF(M5<TODAY(),"HẾT HẠN","CÒN HẠN")) -> CÒN HẠN | R5: Phạm Hoàng Anh | S5: =IF(C5>1000,"T1",IF(C5>=500,"T2","T3")) -> T1 | T5: Nguyễn Thị Ngọc Thủy | U5: =IF(D5<=250,"M3",IF(D5<=1000,"M2","M1")) -> M2 | V5: Võ Thanh Tuyên | W5: Có | X5: =IF(AND(R5<>"",T5<>"",W5="Có"),"PHÙ HỢP","KHÔNG PHÙ HỢP") -> PHÙ HỢP | Y5: Không
A6: =ROW()-1 -> 5 | B6: SG 8019 | C6: 1600 | D6: 400 | E6: 6537/ĐK | F6: 42887 | G6: Không thời hạn | H6: V50-06943 | I6: 46178 | J6: 46533 | K6: 8154768 | L6: 46173 | M6: 46537 | N6: =IF(AND(E6<>"",H6<>"",K6<>""),"ĐỦ","THIẾU") -> ĐỦ | O6: =IF(G6="","",IF(G6<TODAY(),"HẾT HẠN","CÒN HẠN")) -> CÒN HẠN | P6: =IF(J6="","",IF(J6<TODAY(),"HẾT HẠN","CÒN HẠN")) -> CÒN HẠN | Q6: =IF(M6="","",IF(M6<TODAY(),"HẾT HẠN","CÒN HẠN")) -> CÒN HẠN | R6: Châu Văn Tèo | S6: =IF(C6>1000,"T1",IF(C6>=500,"T2","T3")) -> T1 | T6: Châu Anh Tuấn | U6: =IF(D6<=250,"M3",IF(D6<=1000,"M2","M1")) -> M2 | V6: Huỳnh Trọng Duy | W6: Có | X6: =IF(AND(R6<>"",T6<>"",W6="Có"),"PHÙ HỢP","KHÔNG PHÙ HỢP") -> PHÙ HỢP | Y6: Không
A7: =ROW()-1 -> 6 | B7: SG 8272 | C7: 1995 | D7: 385 | E7: 1554/ĐK | F7: 43139 | G7: Không thời hạn | H7: V50-07153 | I7: 46066 | J7: 46430 | K7: 7977931 | L7: 46059 | M7: 46438 | N7: =IF(AND(E7<>"",H7<>"",K7<>""),"ĐỦ","THIẾU") -> ĐỦ | O7: =IF(G7="","",IF(G7<TODAY(),"HẾT HẠN","CÒN HẠN")) -> CÒN HẠN | P7: =IF(J7="","",IF(J7<TODAY(),"HẾT HẠN","CÒN HẠN")) -> CÒN HẠN | Q7: =IF(M7="","",IF(M7<TODAY(),"HẾT HẠN","CÒN HẠN")) -> CÒN HẠN | R7: Lê Văn Minh | S7: =IF(C7>1000,"T1",IF(C7>=500,"T2","T3")) -> T1 | T7: Đinh Thị Bình | U7: =IF(D7<=250,"M3",IF(D7<=1000,"M2","M1")) -> M2 | V7: Nguyễn Thanh Ngọc | W7: Có | X7: =IF(AND(R7<>"",T7<>"",W7="Có"),"PHÙ HỢP","KHÔNG PHÙ HỢP") -> PHÙ HỢP | Y7: Không
A8: =ROW()-1 -> 7 | B8: SG 5798 | C8: 1200 | D8: 355 | E8: 8604/ĐK | F8: 43732 | G8: Không thời hạn | H8: V50-04515 | I8: 45967 | J8: 46331 | K8: 7975404 | L8: 46058 | M8: 46438 | N8: =IF(AND(E8<>"",H8<>"",K8<>""),"ĐỦ","THIẾU") -> ĐỦ | O8: =IF(G8="","",IF(G8<TODAY(),"HẾT HẠN","CÒN HẠN")) -> CÒN HẠN | P8: =IF(J8="","",IF(J8<TODAY(),"HẾT HẠN","CÒN HẠN")) -> CÒN HẠN | Q8: =IF(M8="","",IF(M8<TODAY(),"HẾT HẠN","CÒN HẠN")) -> CÒN HẠN | R8: Lê Hiền | S8: =IF(C8>1000,"T1",IF(C8>=500,"T2","T3")) -> T1 | T8: Vũ Thị Thu Hương | U8: =IF(D8<=250,"M3",IF(D8<=1000,"M2","M1")) -> M2 | V8: Lê Vinh | W8: Có | X8: =IF(AND(R8<>"",T8<>"",W8="Có"),"PHÙ HỢP","KHÔNG PHÙ HỢP") -> PHÙ HỢP | Y8: Có

Sheet Nhật ký vào, rời
A1: STT | B1: Ngày đến | C1: Giờ vào | D1: Ngày rời | E1: Giờ rời | F1: Tên phương tiện | G1: Số đăng ký | H1: Loại hàng | I1: Hóa đơn/CT | J1: Hồ sơ PT | K1: Hồ sơ Thuyền viên | L1: Kết quả
A2: =ROW()-1 -> 1 | B2: 46212 | C2: 0.96041667 | D2: 46213 | E2: 0.86805556 | F2: SG 8028 | G2: =IFERROR(_xlfn.XLOOKUP(F2,'Hồ sơ phương tiện'!$B:$B,'Hồ sơ phương tiện'!$E:$E),"") -> 5785/ĐK | H2: Viên Nén Gỗ | J2: =IFERROR(_xlfn.XLOOKUP(F2,'Hồ sơ phương tiện'!$B:$B,'Hồ sơ phương tiện'!$N:$N),"") -> ĐỦ | K2: =IFERROR(_xlfn.XLOOKUP(F2,'Hồ sơ phương tiện'!$B:$B,'Hồ sơ phương tiện'!$X:$X),"") -> PHÙ HỢP | L2: =IF(AND(J2="Đủ",K2="PHÙ HỢP"),"CHO PHÉP","KHÔNG ĐỦ HỒ SƠ") -> CHO PHÉP
A3: =ROW()-1 -> 2 | B3: 46213 | C3: 0.68055556 | D3: 46214 | E3: 0.57638889 | F3: TG 15292 | G3: =IFERROR(_xlfn.XLOOKUP(F3,'Hồ sơ phương tiện'!$B:$B,'Hồ sơ phương tiện'!$E:$E),"") -> 14008/ĐK | H3: Viên Nén Gỗ | J3: =IFERROR(_xlfn.XLOOKUP(F3,'Hồ sơ phương tiện'!$B:$B,'Hồ sơ phương tiện'!$N:$N),"") -> ĐỦ | K3: =IFERROR(_xlfn.XLOOKUP(F3,'Hồ sơ phương tiện'!$B:$B,'Hồ sơ phương tiện'!$X:$X),"") -> PHÙ HỢP | L3: =IF(AND(J3="Đủ",K3="PHÙ HỢP"),"CHO PHÉP","KHÔNG ĐỦ HỒ SƠ") -> CHO PHÉP
A4: =ROW()-1 -> 3 | B4: 46214 | C4: 0.11597222 | D4: 46216 | E4: 0.63865741 | F4: TG 15769 | G4: =IFERROR(_xlfn.XLOOKUP(F4,'Hồ sơ phương tiện'!$B:$B,'Hồ sơ phương tiện'!$E:$E),"") -> 14473/ĐK | H4: Lúa Mì | J4: =IFERROR(_xlfn.XLOOKUP(F4,'Hồ sơ phương tiện'!$B:$B,'Hồ sơ phương tiện'!$N:$N),"") -> THIẾU | K4: =IFERROR(_xlfn.XLOOKUP(F4,'Hồ sơ phương tiện'!$B:$B,'Hồ sơ phương tiện'!$X:$X),"") -> KHÔNG PHÙ HỢP | L4: =IF(AND(J4="Đủ",K4="PHÙ HỢP"),"CHO PHÉP","KHÔNG CHO PHÉP") -> KHÔNG CHO PHÉP
A5: =ROW()-1 -> 4 | B5: 46214 | C5: 0.48263889 | D5: 46215 | E5: 0.35606481 | F5: SG 7749 | G5: =IFERROR(_xlfn.XLOOKUP(F5,'Hồ sơ phương tiện'!$B:$B,'Hồ sơ phương tiện'!$E:$E),"") -> 1803/ĐK | H5: Viên nén | J5: =IFERROR(_xlfn.XLOOKUP(F5,'Hồ sơ phương tiện'!$B:$B,'Hồ sơ phương tiện'!$N:$N),"") -> ĐỦ | K5: =IFERROR(_xlfn.XLOOKUP(F5,'Hồ sơ phương tiện'!$B:$B,'Hồ sơ phương tiện'!$X:$X),"") -> PHÙ HỢP | L5: =IF(AND(J5="Đủ",K5="PHÙ HỢP"),"CHO PHÉP","KHÔNG CHO PHÉP") -> CHO PHÉP
A6: =ROW()-1 -> 5 | B6: 46215 | C6: 0.32847222 | D6: 46216 | E6: 0.36038194 | F6: SG 8019 | G6: =IFERROR(_xlfn.XLOOKUP(F6,'Hồ sơ phương tiện'!$B:$B,'Hồ sơ phương tiện'!$E:$E),"") -> 6537/ĐK | H6: Viên nén | J6: =IFERROR(_xlfn.XLOOKUP(F6,'Hồ sơ phương tiện'!$B:$B,'Hồ sơ phương tiện'!$N:$N),"") -> ĐỦ | K6: =IFERROR(_xlfn.XLOOKUP(F6,'Hồ sơ phương tiện'!$B:$B,'Hồ sơ phương tiện'!$X:$X),"") -> PHÙ HỢP | L6: =IF(AND(J6="Đủ",K6="PHÙ HỢP"),"CHO PHÉP","KHÔNG CHO PHÉP") -> CHO PHÉP
A7: =ROW()-1 -> 6 | B7: 46216 | C7: 0.39583333 | D7: 46217 | E7: 0.68472222 | F7: SG 8272 | G7: =IFERROR(_xlfn.XLOOKUP(F7,'Hồ sơ phương tiện'!$B:$B,'Hồ sơ phương tiện'!$E:$E),"") -> 1554/ĐK | H7: Viên nén | J7: =IFERROR(_xlfn.XLOOKUP(F7,'Hồ sơ phương tiện'!$B:$B,'Hồ sơ phương tiện'!$N:$N),"") -> ĐỦ | K7: =IFERROR(_xlfn.XLOOKUP(F7,'Hồ sơ phương tiện'!$B:$B,'Hồ sơ phương tiện'!$X:$X),"") -> PHÙ HỢP | L7: =IF(AND(J7="Đủ",K7="PHÙ HỢP"),"CHO PHÉP","KHÔNG CHO PHÉP") -> CHO PHÉP
A8: =ROW()-1 -> 7 | B8: 46216 | C8: 0.90277778 | F8: SG 5798 | G8: =IFERROR(_xlfn.XLOOKUP(F8,'Hồ sơ phương tiện'!$B:$B,'Hồ sơ phương tiện'!$E:$E),"") -> 8604/ĐK | H8: Viên nén | J8: =IFERROR(_xlfn.XLOOKUP(F8,'Hồ sơ phương tiện'!$B:$B,'Hồ sơ phương tiện'!$N:$N),"") -> ĐỦ | K8: =IFERROR(_xlfn.XLOOKUP(F8,'Hồ sơ phương tiện'!$B:$B,'Hồ sơ phương tiện'!$X:$X),"") -> PHÙ HỢP | L8: =IF(AND(J8="Đủ",K8="PHÙ HỢP"),"CHO PHÉP","KHÔNG CHO PHÉP") -> CHO PHÉP

Sheet Dashboard
A1: THỐNG KÊ NHANH SỐ LƯỢNG PHƯƠNG TIỆN, HỒ SƠ ĐẦY ĐỦ/THIẾU, GIẤY TỜ HẾT HẠN,...
A2: Hồ sơ đầy đủ | B2: =COUNTIF('Hồ sơ phương tiện'!N:N,"ĐỦ") -> 6
A3: Hồ sơ thiếu | B3: =COUNTIF('Hồ sơ phương tiện'!N:N,"THIẾU") -> 1
A4: Lượt vào/rời | B4: =COUNTA('Nhật ký vào, rời'!B2:B8) -> 7
